Run,Assay Type,AvgSpotLen,Bases,BioProject,BioSample,Bytes,cell_type,Center Name,Consent,DATASTORE filetype,DATASTORE provider,DATASTORE region,Experiment,GEO_Accession (exp),Instrument,LibraryLayout,LibrarySelection,LibrarySource,Organism,Platform,ReleaseDate,create_date,version,Sample Name,source_name,SRA Study,harvested_day,treatment,dose,genotype,molecule_subtype,chip_antibody,in-situ_treatment
SRR13764563,ATAC-seq,150,33470884500,PRJNA704194,SAMN18027883,13346546479,neuron differentiated from iPSC,GEO,public,"fastq,run.zq,sra","gs,ncbi,s3","gs.us-east1,ncbi.public,s3.us-east-1",SRX10151060,GSM5100364,NextSeq 550,PAIRED,other,GENOMIC,Homo sapiens,ILLUMINA,2021-03-25T00:00:00Z,2021-02-22T17:05:00Z,1,GSM5100364,iNeuron,SRP307780,day7,,,,,,
SRR13764806,ChIP-Seq,75,4141905525,PRJNA704021,SAMN18027999,1552323831,neuron differentiated from iPSC,GEO,public,"fastq,run.zq,sra","gs,ncbi,s3","gs.us-east1,ncbi.public,s3.us-east-1",SRX10151289,GSM5100365,NextSeq 550,SINGLE,ChIP,GENOMIC,Homo sapiens,ILLUMINA,2021-03-25T00:00:00Z,2021-02-22T16:22:00Z,1,GSM5100365,iNeuron,SRP307546,day7,NT,,,,"5 ug\, Abcam #8895",
SRR13764807,ChIP-Seq,75,2211353025,PRJNA704021,SAMN18027998,813060188,neuron differentiated from iPSC,GEO,public,"fastq,run.zq,sra","gs,ncbi,s3","gs.us-east1,ncbi.public,s3.us-east-1",SRX10151290,GSM5100366,NextSeq 550,SINGLE,ChIP,GENOMIC,Homo sapiens,ILLUMINA,2021-03-25T00:00:00Z,2021-02-22T16:10:00Z,1,GSM5100366,iNeuron,SRP307546,day7,NT,,,,"5 ug\, Abcam #4729",
SRR13764808,ChIP-Seq,75,4410519825,PRJNA704021,SAMN18027997,1646525850,neuron differentiated from iPSC,GEO,public,"fastq,run.zq,sra","gs,ncbi,s3","gs.us-east1,ncbi.public,s3.us-east-1",SRX10151291,GSM5100367,NextSeq 550,SINGLE,ChIP,GENOMIC,Homo sapiens,ILLUMINA,2021-03-25T00:00:00Z,2021-02-22T16:18:00Z,1,GSM5100367,iNeuron,SRP307546,day7,NT,,,,MLL4 homemade ab courtesy of Kai Ge Lab,
SRR13764809,ChIP-Seq,75,3342455400,PRJNA704021,SAMN18027996,1289204434,neuron differentiated from iPSC,GEO,public,"fastq,run.zq,sra","gs,ncbi,s3","gs.us-east1,ncbi.public,s3.us-east-1",SRX10151292,GSM5100368,NextSeq 550,SINGLE,ChIP,GENOMIC,Homo sapiens,ILLUMINA,2021-03-25T00:00:00Z,2021-02-22T16:14:00Z,1,GSM5100368,iNeuron,SRP307546,day7,NT,,,,"6 ul\, Millipore\, Cat. No. 07-729",
SRR13764810,ChIP-Seq,75,3726309075,PRJNA704021,SAMN18027994,1566982532,neuron differentiated from iPSC,GEO,public,"fastq,run.zq,sra","gs,ncbi,s3","gs.us-east1,ncbi.public,s3.us-east-1",SRX10151293,GSM5100369,NextSeq 550,SINGLE,ChIP,GENOMIC,Homo sapiens,ILLUMINA,2021-03-25T00:00:00Z,2021-02-22T16:18:00Z,1,GSM5100369,iNeuron,SRP307546,day7,NT,,,,"6 uL\, Abcam #8580",
SRR13764811,ChIP-Seq,75,2638533150,PRJNA704021,SAMN18027993,1034205454,neuron differentiated from iPSC,GEO,public,"fastq,run.zq,sra","gs,ncbi,s3","gs.us-east1,ncbi.public,s3.us-east-1",SRX10151294,GSM5100370,NextSeq 550,SINGLE,ChIP,GENOMIC,Homo sapiens,ILLUMINA,2021-03-25T00:00:00Z,2021-02-22T16:13:00Z,1,GSM5100370,iNeuron,SRP307546,day7,NT,,,,"5 ug\, Abcam #9050",
SRR13764812,ChIP-Seq,75,2730472050,PRJNA704021,SAMN18027992,1066488882,neuron differentiated from iPSC,GEO,public,"fastq,run.zq,sra","gs,ncbi,s3","gs.us-east1,ncbi.public,s3.us-east-1",SRX10151295,GSM5100371,NextSeq 550,SINGLE,ChIP,GENOMIC,Homo sapiens,ILLUMINA,2021-03-25T00:00:00Z,2021-02-22T16:12:00Z,1,GSM5100371,iNeuron,SRP307546,day7,NT,,,,"5 ug\, Millipore\, Cat. No. 07-449",
SRR13764813,ChIP-Seq,75,2584861050,PRJNA704021,SAMN18027991,1001068077,neuron differentiated from iPSC,GEO,public,"fastq,run.zq,sra","gs,ncbi,s3","gs.us-east1,ncbi.public,s3.us-east-1",SRX10151296,GSM5100372,NextSeq 550,SINGLE,ChIP,GENOMIC,Homo sapiens,ILLUMINA,2021-03-25T00:00:00Z,2021-02-22T16:12:00Z,1,GSM5100372,iNeuron,SRP307546,day7,NT,,,,"10 ug\, Active Motif\, Cat. No. 39765",
SRR13764814,ChIP-Seq,75,4518860475,PRJNA704021,SAMN18027990,1765675961,neuron differentiated from iPSC,GEO,public,"fastq,run.zq,sra","gs,ncbi,s3","gs.us-east1,ncbi.public,s3.us-east-1",SRX10151297,GSM5100373,NextSeq 550,SINGLE,ChIP,GENOMIC,Homo sapiens,ILLUMINA,2021-03-25T00:00:00Z,2021-02-22T16:19:00Z,1,GSM5100373,iNeuron,SRP307546,day7,10 uM PARG inhibitor; 20 minutes prior to harvest,,,,"5 ug\, Millipore-Sigma MABE1016",
SRR13764815,ChIP-Seq,75,2526626550,PRJNA704021,SAMN18027988,989405181,neuron differentiated from iPSC,GEO,public,"fastq,run.zq,sra","gs,ncbi,s3","gs.us-east1,ncbi.public,s3.us-east-1",SRX10151298,GSM5100374,NextSeq 550,SINGLE,ChIP,GENOMIC,Homo sapiens,ILLUMINA,2021-03-25T00:00:00Z,2021-02-22T16:10:00Z,1,GSM5100374,iNeuron,SRP307546,day7,NT,,,,"2.6 ug\, Novus\, #NBP1-87154",
SRR13764816,ChIP-Seq,75,2908182150,PRJNA704021,SAMN18027987,1137350999,neuron differentiated from iPSC,GEO,public,"fastq,run.zq,sra","gs,ncbi,s3","gs.us-east1,ncbi.public,s3.us-east-1",SRX10151299,GSM5100375,NextSeq 550,SINGLE,ChIP,GENOMIC,Homo sapiens,ILLUMINA,2021-03-25T00:00:00Z,2021-02-22T16:13:00Z,1,GSM5100375,iNeuron,SRP307546,day7,NT,,,,"8 ug\, Abcam #26721",
SRR13764817,ChIP-Seq,75,3739218975,PRJNA704021,SAMN18027986,1525463489,neuron differentiated from iPSC,GEO,public,"fastq,run.zq,sra","gs,ncbi,s3","gs.us-east1,ncbi.public,s3.us-east-1",SRX10151300,GSM5100376,NextSeq 550,SINGLE,ChIP,GENOMIC,Homo sapiens,ILLUMINA,2021-03-25T00:00:00Z,2021-02-22T16:16:00Z,1,GSM5100376,iNeuron,SRP307546,day7,NT,,,,none,
SRR13764818,ChIP-Seq,75,3282276675,PRJNA704021,SAMN18027985,1273721660,rat cortical neurons,GEO,public,"fastq,run.zq,sra","gs,ncbi,s3","gs.us-east1,ncbi.public,s3.us-east-1",SRX10151301,GSM5100377,NextSeq 550,SINGLE,ChIP,GENOMIC,Rattus norvegicus,ILLUMINA,2021-03-25T00:00:00Z,2021-02-22T16:26:00Z,1,GSM5100377,Primary rat cortical neurons at embryonic day 18,SRP307546,day8 post plating,Aphidicolin (APH) added two hours after plating,,,,"5 ug\, Abcam #8895",
SRR13764819,ChIP-Seq,75,2584308000,PRJNA704021,SAMN18027983,1006132464,rat cortical neurons,GEO,public,"fastq,run.zq,sra","gs,ncbi,s3","gs.us-east1,ncbi.public,s3.us-east-1",SRX10151302,GSM5100378,NextSeq 550,SINGLE,ChIP,GENOMIC,Rattus norvegicus,ILLUMINA,2021-03-25T00:00:00Z,2021-02-22T16:13:00Z,1,GSM5100378,Primary rat cortical neurons at embryonic day 18,SRP307546,day8 post plating,Aphidicolin (APH) added two hours after plating,,,,"2.6 ug\, Novus\, Cat. No. NBP1-87154",
SRR13764820,ChIP-Seq,75,3582746550,PRJNA704021,SAMN18027982,1327199349,Abelson-transformed pre-B cell,GEO,public,"fastq,run.zq,sra","gs,ncbi,s3","gs.us-east1,ncbi.public,s3.us-east-1",SRX10151303,GSM5100379,NextSeq 550,SINGLE,ChIP,GENOMIC,Mus musculus,ILLUMINA,2021-03-25T00:00:00Z,2021-02-22T16:16:00Z,1,GSM5100379,Abelson-transformed pre-B cell,SRP307546,,3 uM imatinib for 24 hrs for cell arrest,,,,"5 ug\, Millipore-Sigma MABE1016",
SRR13764821,ChIP-Seq,75,4020928425,PRJNA704021,SAMN18027981,1484036303,Abelson-transformed pre-B cell,GEO,public,"fastq,run.zq,sra","gs,ncbi,s3","gs.us-east1,ncbi.public,s3.us-east-1",SRX10151304,GSM5100380,NextSeq 550,SINGLE,ChIP,GENOMIC,Mus musculus,ILLUMINA,2021-03-25T00:00:00Z,2021-02-22T16:22:00Z,1,GSM5100380,Abelson-transformed pre-B cell,SRP307546,,"3 uM imatinib for 24 hrs for cell arrest; next\, 3 ug/mL doxycyline for 24 hours to express AsiSI; next\, 1 uM 4OHT for 18 hrs to induce AsiSI nuclear localization",,,,"5 ug\, Millipore-Sigma MABE1016",
SRR13764822,ChIP-Seq,75,3867984450,PRJNA704021,SAMN18027980,1437189318,Abelson-transformed pre-B cell,GEO,public,"fastq,run.zq,sra","gs,ncbi,s3","gs.us-east1,ncbi.public,s3.us-east-1",SRX10151305,GSM5100381,NextSeq 550,SINGLE,ChIP,GENOMIC,Mus musculus,ILLUMINA,2021-03-25T00:00:00Z,2021-02-22T16:20:00Z,1,GSM5100381,Abelson-transformed pre-B cell,SRP307546,,"3 uM imatinib for 24 hrs for cell arrest; next\, 3 ug/mL doxycyline for 24 hours to express AsiSI; next\, 1 uM 4OHT for 18 hrs to induce AsiSI nuclear localization; next\, 10 uM PARG inhibitor 20 mins prior to harvest",,,,"5 ug\, Millipore-Sigma MABE1016",
SRR13764823,OTHER,75,4372377450,PRJNA704020,SAMN18028008,1739839509,neuron differentiated from iPSC,GEO,public,"fastq,run.zq,sra","gs,ncbi,s3","gs.us-east1,ncbi.public,s3.us-east-1",SRX10151306,GSM5100382,NextSeq 550,SINGLE,other,GENOMIC,Homo sapiens,ILLUMINA,2021-03-25T00:00:00Z,2021-02-22T16:22:00Z,1,GSM5100382,iNeuron,SRP307547,day7,"5 uM of each of ddA\, ddT\, ddG\, and ddC chain-terminating nucleosides (20 uM total); 18 hours",,,,,"1.8 U of S1 nuclease @15 mins on ice, followed by 37 degrees C for 20 mins."
SRR13764824,OTHER,75,4378363425,PRJNA704020,SAMN18028007,1741774393,neuron differentiated from iPSC,GEO,public,"fastq,run.zq,sra","gs,ncbi,s3","gs.us-east1,ncbi.public,s3.us-east-1",SRX10151307,GSM5100383,NextSeq 550,SINGLE,other,GENOMIC,Homo sapiens,ILLUMINA,2021-03-25T00:00:00Z,2021-02-22T16:16:00Z,1,GSM5100383,iNeuron,SRP307547,day7,"5 uM of each of ddA\, ddT\, ddG\, and ddC chain-terminating nucleosides (20 uM total); 18 hours",,,,,None
SRR13764825,OTHER,75,5946432375,PRJNA704020,SAMN18028006,2347576137,neuron differentiated from iPSC,GEO,public,"fastq,run.zq,sra","gs,ncbi,s3","gs.us-east1,ncbi.public,s3.us-east-1",SRX10151308,GSM5100384,NextSeq 550,SINGLE,other,GENOMIC,Homo sapiens,ILLUMINA,2021-03-25T00:00:00Z,2021-02-22T16:29:00Z,1,GSM5100384,iNeuron,SRP307547,day7,None,,,,,"1.8 U of S1 nuclease @15 mins on ice, followed by 37 degrees C for 20 mins."
SRR13764826,OTHER,75,4092639900,PRJNA704020,SAMN18028005,1595155894,neuron differentiated from iPSC,GEO,public,"fastq,run.zq,sra","gs,ncbi,s3","gs.us-east1,ncbi.public,s3.us-east-1",SRX10151309,GSM5100385,NextSeq 550,SINGLE,other,GENOMIC,Homo sapiens,ILLUMINA,2021-03-25T00:00:00Z,2021-02-22T16:27:00Z,1,GSM5100385,iNeuron,SRP307547,day7,None,,,,,None
SRR13764827,OTHER,75,2804109975,PRJNA704020,SAMN18028004,1061056595,neuron differentiated from iPSC,GEO,public,"fastq,run.zq,sra","gs,ncbi,s3","gs.us-east1,ncbi.public,s3.us-east-1",SRX10151310,GSM5100386,NextSeq 550,SINGLE,other,GENOMIC,Homo sapiens,ILLUMINA,2021-03-25T00:00:00Z,2021-02-22T16:14:00Z,1,GSM5100386,iNeuron,SRP307547,day7,None,,,,,"20 U of Nt.BspQI @ 50 degrees C for 30 mins; wash in EB; 1.8 U of S1 nuclease @15 mins on ice, followed by 37 degrees C for 20 mins."
SRR13764828,OTHER,75,3065336250,PRJNA704020,SAMN18028002,1156340120,neuron differentiated from iPSC,GEO,public,"fastq,run.zq,sra","gs,ncbi,s3","gs.us-east1,ncbi.public,s3.us-east-1",SRX10151311,GSM5100387,NextSeq 550,SINGLE,other,GENOMIC,Homo sapiens,ILLUMINA,2021-03-25T00:00:00Z,2021-02-22T16:17:00Z,1,GSM5100387,iNeuron,SRP307547,day7,None,,,,,20 U of Nt.BspQI @ 50 degrees C for 30 mins
SRR13764829,OTHER,75,4076906400,PRJNA704020,SAMN18028001,1592801140,MCF10A,GEO,public,"fastq,run.zq,sra","gs,ncbi,s3","gs.us-east1,ncbi.public,s3.us-east-1",SRX10151312,GSM5100388,NextSeq 550,SINGLE,other,GENOMIC,Homo sapiens,ILLUMINA,2021-03-25T00:00:00Z,2021-02-22T16:21:00Z,1,GSM5100388,MCF10A,SRP307547,,5 µM Palbociclib for 48 hours to arrest cells in G1; 3 µg/mL doxycycline added for last 24 hours to induce Cas9D10A,,,,,"1.8 U of S1 nuclease @15 mins on ice, followed by 37 degrees C for 20 mins."
SRR13764830,OTHER,75,3841696125,PRJNA704020,SAMN18028000,1500590742,MCF10A,GEO,public,"fastq,run.zq,sra","gs,ncbi,s3","gs.us-east1,ncbi.public,s3.us-east-1",SRX10151313,GSM5100389,NextSeq 550,SINGLE,other,GENOMIC,Homo sapiens,ILLUMINA,2021-03-25T00:00:00Z,2021-02-22T16:27:00Z,1,GSM5100389,MCF10A,SRP307547,,5 µM Palbociclib for 48 hours to arrest cells in G1,,,,,"1.8 U of S1 nuclease @15 mins on ice, followed by 37 degrees C for 20 mins."
SRR13764831,Hi-C,148,11453629640,PRJNA704022,SAMN18028011,4482914633,neuron differentiated from iPSC,GEO,public,"fastq,run.zq,sra","gs,ncbi,s3","gs.us-east1,ncbi.public,s3.us-east-1",SRX10151314,GSM5100390,NextSeq 550,PAIRED,other,GENOMIC,Homo sapiens,ILLUMINA,2021-03-25T00:00:00Z,2021-02-22T16:58:00Z,1,GSM5100390,iNeuron,SRP307548,day7,,,,,,
SRR13764832,Hi-C,148,11213682003,PRJNA704022,SAMN18028010,4304547443,neuron differentiated from iPSC,GEO,public,"fastq,run.zq,sra","gs,ncbi,s3","gs.us-east1,ncbi.public,s3.us-east-1",SRX10151315,GSM5100391,NextSeq 550,PAIRED,other,GENOMIC,Homo sapiens,ILLUMINA,2021-03-25T00:00:00Z,2021-02-22T16:35:00Z,1,GSM5100391,iNeuron,SRP307548,day7,,,,,,
SRR13764833,Hi-C,198,211905349722,PRJNA704022,SAMN18028019,70665467151,neuron differentiated from iPSC,GEO,public,"fastq,run.zq,sra","gs,ncbi,s3","gs.us-east1,ncbi.public,s3.us-east-1",SRX10151316,GSM5100392,Illumina NovaSeq 6000,PAIRED,other,GENOMIC,Homo sapiens,ILLUMINA,2021-03-25T00:00:00Z,2021-02-23T08:07:00Z,1,GSM5100392,iNeuron,SRP307548,day7,,,,,,
SRR13764834,Hi-C,198,179476524466,PRJNA704022,SAMN18028018,59978915585,neuron differentiated from iPSC,GEO,public,"fastq,run.zq,sra","gs,ncbi,s3","gs.us-east1,ncbi.public,s3.us-east-1",SRX10151317,GSM5100393,Illumina NovaSeq 6000,PAIRED,other,GENOMIC,Homo sapiens,ILLUMINA,2021-03-25T00:00:00Z,2021-02-23T03:56:00Z,1,GSM5100393,iNeuron,SRP307548,day7,,,,,,
SRR13764835,RNA-Seq,199,23259011057,PRJNA704023,SAMN18028017,7726992127,neuron differentiated from iPSC,GEO,public,"fastq,run.zq,sra","gs,ncbi,s3","gs.us-east1,ncbi.public,s3.us-east-1",SRX10151318,GSM5100394,Illumina HiSeq 2500,PAIRED,cDNA,TRANSCRIPTOMIC,Homo sapiens,ILLUMINA,2021-03-25T00:00:00Z,2021-02-22T16:57:00Z,1,GSM5100394,iNeuron,SRP307549,day7,,,,,,
SRR13764836,RNA-Seq,199,28146581508,PRJNA704023,SAMN18028016,9316085988,neuron differentiated from iPSC,GEO,public,"fastq,run.zq,sra","gs,ncbi,s3","gs.us-east1,ncbi.public,s3.us-east-1",SRX10151319,GSM5100395,Illumina HiSeq 2500,PAIRED,cDNA,TRANSCRIPTOMIC,Homo sapiens,ILLUMINA,2021-03-25T00:00:00Z,2021-02-22T17:23:00Z,1,GSM5100395,iNeuron,SRP307549,day7,,,,,,
SRR13764837,RNA-Seq,199,26468500368,PRJNA704023,SAMN18028015,8794442309,neuron differentiated from iPSC,GEO,public,"fastq,run.zq,sra","gs,ncbi,s3","gs.us-east1,ncbi.public,s3.us-east-1",SRX10151320,GSM5100396,Illumina HiSeq 2500,PAIRED,cDNA,TRANSCRIPTOMIC,Homo sapiens,ILLUMINA,2021-03-25T00:00:00Z,2021-02-22T17:35:00Z,1,GSM5100396,iNeuron,SRP307549,day7,,,,,,
SRR13764838,RNA-Seq,199,24602542060,PRJNA704023,SAMN18028014,8146994805,neuron differentiated from iPSC,GEO,public,"fastq,run.zq,sra","gs,ncbi,s3","gs.us-east1,ncbi.public,s3.us-east-1",SRX10151321,GSM5100397,Illumina HiSeq 2500,PAIRED,cDNA,TRANSCRIPTOMIC,Homo sapiens,ILLUMINA,2021-03-25T00:00:00Z,2021-02-22T17:27:00Z,1,GSM5100397,iNeuron,SRP307549,day7,,,,,,
SRR13764839,RNA-Seq,199,23669354097,PRJNA704023,SAMN18028013,7848016090,neuron differentiated from iPSC,GEO,public,"fastq,run.zq,sra","gs,ncbi,s3","gs.us-east1,ncbi.public,s3.us-east-1",SRX10151322,GSM5100398,Illumina HiSeq 2500,PAIRED,cDNA,TRANSCRIPTOMIC,Homo sapiens,ILLUMINA,2021-03-25T00:00:00Z,2021-02-22T17:10:00Z,1,GSM5100398,iNeuron,SRP307549,day7,,,,,,
SRR13764840,RNA-Seq,199,25557712793,PRJNA704023,SAMN18028012,8484611098,neuron differentiated from iPSC,GEO,public,"fastq,run.zq,sra","gs,ncbi,s3","gs.us-east1,ncbi.public,s3.us-east-1",SRX10151323,GSM5100399,Illumina HiSeq 2500,PAIRED,cDNA,TRANSCRIPTOMIC,Homo sapiens,ILLUMINA,2021-03-25T00:00:00Z,2021-02-22T17:39:00Z,1,GSM5100399,iNeuron,SRP307549,day7,,,,,,
SRR13764929,OTHER,75,3117641325,PRJNA704026,SAMN18028274,1143361173,neuron differentiated from iPSC,GEO,public,"fastq,run.zq,sra","gs,ncbi,s3","gs.us-east1,ncbi.public,s3.us-east-1",SRX10151342,GSM5100400,NextSeq 550,SINGLE,other,GENOMIC,Homo sapiens,ILLUMINA,2021-03-25T00:00:00Z,2021-02-22T16:21:00Z,1,GSM5100400,iNeuron,SRP307552,day7,NT,NA,WT,EdU incorporated DNA,,
SRR13764930,OTHER,75,4048392375,PRJNA704026,SAMN18028294,1479059627,neuron differentiated from iPSC,GEO,public,"fastq,run.zq,sra","gs,ncbi,s3","gs.us-east1,ncbi.public,s3.us-east-1",SRX10151343,GSM5100401,NextSeq 550,SINGLE,other,GENOMIC,Homo sapiens,ILLUMINA,2021-03-25T00:00:00Z,2021-02-22T16:39:00Z,1,GSM5100401,iNeuron,SRP307552,day7,NT,NA,WT,EdU incorporated DNA,,
SRR13764931,OTHER,75,3361583775,PRJNA704026,SAMN18028293,1234142929,neuron differentiated from iPSC,GEO,public,"fastq,run.zq,sra","gs,ncbi,s3","gs.us-east1,ncbi.public,s3.us-east-1",SRX10151344,GSM5100402,NextSeq 550,SINGLE,other,GENOMIC,Homo sapiens,ILLUMINA,2021-03-25T00:00:00Z,2021-02-22T16:31:00Z,1,GSM5100402,iNeuron,SRP307552,day7,NT,NA,WT,EdU incorporated DNA,,
SRR13764932,OTHER,75,3214365825,PRJNA704026,SAMN18028292,1132906260,neuron differentiated from iPSC,GEO,public,"fastq,run.zq,sra","gs,ncbi,s3","gs.us-east1,ncbi.public,s3.us-east-1",SRX10151345,GSM5100403,NextSeq 550,SINGLE,other,GENOMIC,Homo sapiens,ILLUMINA,2021-03-25T00:00:00Z,2021-02-22T16:33:00Z,1,GSM5100403,iNeuron,SRP307552,day7,NT,NA,WT,EdU incorporated DNA,,
SRR13764933,OTHER,75,3419901825,PRJNA704026,SAMN18028291,1376582461,neuron differentiated from iPSC,GEO,public,"fastq,run.zq,sra","gs,ncbi,s3","gs.us-east1,ncbi.public,s3.us-east-1",SRX10151346,GSM5100404,NextSeq 550,SINGLE,other,GENOMIC,Homo sapiens,ILLUMINA,2021-03-25T00:00:00Z,2021-02-22T16:20:00Z,1,GSM5100404,iNeuron,SRP307552,day7,4 days HU,10 mM,WT,EdU incorporated DNA,,
SRR13764934,OTHER,75,5752964175,PRJNA704026,SAMN18028290,2354721449,neuron differentiated from iPSC,GEO,public,"fastq,run.zq,sra","gs,ncbi,s3","gs.us-east1,ncbi.public,s3.us-east-1",SRX10151347,GSM5100405,NextSeq 550,SINGLE,other,GENOMIC,Homo sapiens,ILLUMINA,2021-03-25T00:00:00Z,2021-02-22T16:47:00Z,1,GSM5100405,iNeuron,SRP307552,day7,NT,NA,WT,EdU incorporated DNA,,
SRR13764935,OTHER,75,3190483950,PRJNA704026,SAMN18028285,1213415284,neuron differentiated from iPSC,GEO,public,"fastq,run.zq,sra","gs,ncbi,s3","gs.us-east1,ncbi.public,s3.us-east-1",SRX10151348,GSM5100406,NextSeq 550,SINGLE,other,GENOMIC,Homo sapiens,ILLUMINA,2021-03-25T00:00:00Z,2021-02-22T16:22:00Z,1,GSM5100406,iNeuron,SRP307552,day7,14 hrs Adarotene (Pol Alpha inhibitor) with EdU (also 14hrs),1 uM,WT,EdU incorporated DNA,,
SRR13764936,OTHER,75,3528377550,PRJNA704026,SAMN18028289,1335102023,neuron differentiated from iPSC,GEO,public,"fastq,run.zq,sra","gs,ncbi,s3","gs.us-east1,ncbi.public,s3.us-east-1",SRX10151349,GSM5100407,NextSeq 550,SINGLE,other,GENOMIC,Homo sapiens,ILLUMINA,2021-03-25T00:00:00Z,2021-02-22T16:34:00Z,1,GSM5100407,iNeuron,SRP307552,day7,14 hrs Adarotene (Pol Alpha inhibitor) with EdU (also 14hrs),1 uM,WT,EdU incorporated DNA,,
SRR13764937,OTHER,75,3496500075,PRJNA704026,SAMN18028288,1331512687,neuron differentiated from iPSC,GEO,public,"fastq,run.zq,sra","gs,ncbi,s3","gs.us-east1,ncbi.public,s3.us-east-1",SRX10151350,GSM5100408,NextSeq 550,SINGLE,other,GENOMIC,Homo sapiens,ILLUMINA,2021-03-25T00:00:00Z,2021-02-22T16:30:00Z,1,GSM5100408,iNeuron,SRP307552,day7,NT,NA,WT,EdU incorporated DNA,,
SRR13764938,OTHER,75,4103469675,PRJNA704026,SAMN18028287,1676129222,neuron differentiated from iPSC,GEO,public,"fastq,run.zq,sra","gs,ncbi,s3","gs.us-east1,ncbi.public,s3.us-east-1",SRX10151351,GSM5100409,NextSeq 550,SINGLE,other,GENOMIC,Homo sapiens,ILLUMINA,2021-03-25T00:00:00Z,2021-02-22T16:36:00Z,1,GSM5100409,iNeuron,SRP307552,day7,18hrs Olaparib,10 µM,WT,EdU incorporated DNA,,
SRR13764939,OTHER,75,3180876525,PRJNA704026,SAMN18028286,1301634273,neuron differentiated from iPSC,GEO,public,"fastq,run.zq,sra","gs,ncbi,s3","gs.us-east1,ncbi.public,s3.us-east-1",SRX10151352,GSM5100410,NextSeq 550,SINGLE,other,GENOMIC,Homo sapiens,ILLUMINA,2021-03-25T00:00:00Z,2021-02-22T16:23:00Z,1,GSM5100410,iNeuron,SRP307552,day7,18hrs Talazoparib,1 uM,WT,EdU incorporated DNA,,
SRR13764940,OTHER,75,3618628950,PRJNA704026,SAMN18028279,1486161313,neuron differentiated from iPSC,GEO,public,"fastq,run.zq,sra","gs,ncbi,s3","gs.us-east1,ncbi.public,s3.us-east-1",SRX10151353,GSM5100411,NextSeq 550,SINGLE,other,GENOMIC,Homo sapiens,ILLUMINA,2021-03-25T00:00:00Z,2021-02-22T16:21:00Z,1,GSM5100411,iNeuron,SRP307552,day7,18hrs Veliparib,10 uM,WT,EdU incorporated DNA,,
SRR13764941,OTHER,75,4403755650,PRJNA704026,SAMN18028284,1810826531,neuron differentiated from iPSC,GEO,public,"fastq,run.zq,sra","gs,ncbi,s3","gs.us-east1,ncbi.public,s3.us-east-1",SRX10151354,GSM5100412,NextSeq 550,SINGLE,other,GENOMIC,Homo sapiens,ILLUMINA,2021-03-25T00:00:00Z,2021-02-22T16:40:00Z,1,GSM5100412,iNeuron,SRP307552,day7,NT,NA,WT,EdU incorporated DNA,,
SRR13764942,OTHER,75,3559063200,PRJNA704026,SAMN18028283,1316539812,neuron differentiated from iPSC,GEO,public,"fastq,run.zq,sra","gs,ncbi,s3","gs.us-east1,ncbi.public,s3.us-east-1",SRX10151355,GSM5100413,NextSeq 550,SINGLE,other,GENOMIC,Homo sapiens,ILLUMINA,2021-03-25T00:00:00Z,2021-02-22T16:36:00Z,1,GSM5100413,iNeuron,SRP307552,day7,NT,NA,sgPARP1,EdU incorporated DNA,,
SRR13764943,OTHER,75,2672662500,PRJNA704026,SAMN18028282,992317934,neuron differentiated from iPSC,GEO,public,"fastq,run.zq,sra","gs,ncbi,s3","gs.us-east1,ncbi.public,s3.us-east-1",SRX10151356,GSM5100414,NextSeq 550,SINGLE,other,GENOMIC,Homo sapiens,ILLUMINA,2021-03-25T00:00:00Z,2021-02-22T16:30:00Z,1,GSM5100414,iNeuron,SRP307552,day7,NT,NA,sgPARP1,EdU incorporated DNA,,
SRR13764944,OTHER,75,2818232025,PRJNA704026,SAMN18028281,1046400346,neuron differentiated from iPSC,GEO,public,"fastq,run.zq,sra","gs,ncbi,s3","gs.us-east1,ncbi.public,s3.us-east-1",SRX10151357,GSM5100415,NextSeq 550,SINGLE,other,GENOMIC,Homo sapiens,ILLUMINA,2021-03-25T00:00:00Z,2021-02-22T16:19:00Z,1,GSM5100415,iNeuron,SRP307552,day7,NT,NA,sgControl,EdU incorporated DNA,,
SRR13764945,OTHER,75,2346191475,PRJNA704026,SAMN18028280,849768979,neuron differentiated from iPSC,GEO,public,"fastq,run.zq,sra","gs,ncbi,s3","gs.us-east1,ncbi.public,s3.us-east-1",SRX10151358,GSM5100416,NextSeq 550,SINGLE,other,GENOMIC,Homo sapiens,ILLUMINA,2021-03-25T00:00:00Z,2021-02-22T16:16:00Z,1,GSM5100416,iNeuron,SRP307552,day7,NT,NA,sgXRCC1,EdU incorporated DNA,,
SRR13764946,OTHER,75,2396108400,PRJNA704026,SAMN18028278,866814930,neuron differentiated from iPSC,GEO,public,"fastq,run.zq,sra","gs,ncbi,s3","gs.us-east1,ncbi.public,s3.us-east-1",SRX10151359,GSM5100417,NextSeq 550,SINGLE,other,GENOMIC,Homo sapiens,ILLUMINA,2021-03-25T00:00:00Z,2021-02-22T16:18:00Z,1,GSM5100417,iNeuron,SRP307552,day7,NT,NA,sgXRCC1,EdU incorporated DNA,,
SRR13764947,OTHER,75,2246908875,PRJNA704026,SAMN18028277,815961552,neuron differentiated from iPSC,GEO,public,"fastq,run.zq,sra","gs,ncbi,s3","gs.us-east1,ncbi.public,s3.us-east-1",SRX10151360,GSM5100418,NextSeq 550,SINGLE,other,GENOMIC,Homo sapiens,ILLUMINA,2021-03-25T00:00:00Z,2021-02-22T16:15:00Z,1,GSM5100418,iNeuron,SRP307552,day7,NT,NA,sgControl,EdU incorporated DNA,,
SRR13764948,OTHER,75,2667813975,PRJNA704026,SAMN18028275,966424599,neuron differentiated from iPSC,GEO,public,"fastq,run.zq,sra","gs,ncbi,s3","gs.us-east1,ncbi.public,s3.us-east-1",SRX10151361,GSM5100419,NextSeq 550,SINGLE,other,GENOMIC,Homo sapiens,ILLUMINA,2021-03-25T00:00:00Z,2021-02-22T16:18:00Z,1,GSM5100419,iNeuron,SRP307552,day7,NT,NA,sgControl,EdU incorporated DNA,,
SRR13764949,OTHER,75,3693754725,PRJNA704026,SAMN18028268,1484230624,neuron differentiated from iPSC,GEO,public,"fastq,run.zq,sra","gs,ncbi,s3","gs.us-east1,ncbi.public,s3.us-east-1",SRX10151362,GSM5100420,NextSeq 550,SINGLE,other,GENOMIC,Homo sapiens,ILLUMINA,2021-03-25T00:00:00Z,2021-02-22T16:33:00Z,1,GSM5100420,iNeuron,SRP307552,day7,NT,NA,sgPOLB,EdU incorporated DNA,,
SRR13764950,OTHER,75,3755256750,PRJNA704026,SAMN18028266,1507960869,neuron differentiated from iPSC,GEO,public,"fastq,run.zq,sra","gs,ncbi,s3","gs.us-east1,ncbi.public,s3.us-east-1",SRX10151363,GSM5100421,NextSeq 550,SINGLE,other,GENOMIC,Homo sapiens,ILLUMINA,2021-03-25T00:00:00Z,2021-02-22T16:32:00Z,1,GSM5100421,iNeuron,SRP307552,day7,NT,NA,sgPOLB,EdU incorporated DNA,,
SRR13764951,OTHER,75,3582899325,PRJNA704026,SAMN18028344,1438793074,neuron differentiated from iPSC,GEO,public,"fastq,run.zq,sra","gs,ncbi,s3","gs.us-east1,ncbi.public,s3.us-east-1",SRX10151364,GSM5100422,NextSeq 550,SINGLE,other,GENOMIC,Homo sapiens,ILLUMINA,2021-03-25T00:00:00Z,2021-02-22T16:21:00Z,1,GSM5100422,iNeuron,SRP307552,day7,NT,NA,sgPOLB,EdU incorporated DNA,,
SRR13764952,OTHER,75,4143503850,PRJNA704026,SAMN18028317,1661558532,neuron differentiated from iPSC,GEO,public,"fastq,run.zq,sra","gs,ncbi,s3","gs.us-east1,ncbi.public,s3.us-east-1",SRX10151365,GSM5100423,NextSeq 550,SINGLE,other,GENOMIC,Homo sapiens,ILLUMINA,2021-03-25T00:00:00Z,2021-02-22T16:32:00Z,1,GSM5100423,iNeuron,SRP307552,day7,NT,NA,sgPOLB,EdU incorporated DNA,,
SRR13764953,OTHER,75,4228271250,PRJNA704026,SAMN18028315,1699111306,neuron differentiated from iPSC,GEO,public,"fastq,run.zq,sra","gs,ncbi,s3","gs.us-east1,ncbi.public,s3.us-east-1",SRX10151366,GSM5100424,NextSeq 550,SINGLE,other,GENOMIC,Homo sapiens,ILLUMINA,2021-03-25T00:00:00Z,2021-02-22T16:41:00Z,1,GSM5100424,iNeuron,SRP307552,day7,NT,NA,sgControl,EdU incorporated DNA,,
SRR13764954,OTHER,75,5078265900,PRJNA704026,SAMN18028314,2035002503,neuron differentiated from iPSC,GEO,public,"fastq,run.zq,sra","gs,ncbi,s3","gs.us-east1,ncbi.public,s3.us-east-1",SRX10151367,GSM5100425,NextSeq 550,SINGLE,other,GENOMIC,Homo sapiens,ILLUMINA,2021-03-25T00:00:00Z,2021-02-22T16:40:00Z,1,GSM5100425,iNeuron,SRP307552,day7,NT,NA,sgControl,EdU incorporated DNA,,
SRR13764955,OTHER,75,3441274050,PRJNA704026,SAMN18028313,1341662441,neuron differentiated from iPSC,GEO,public,"fastq,run.zq,sra","gs,ncbi,s3","gs.us-east1,ncbi.public,s3.us-east-1",SRX10151368,GSM5100426,NextSeq 550,SINGLE,other,GENOMIC,Homo sapiens,ILLUMINA,2021-03-25T00:00:00Z,2021-02-22T16:21:00Z,1,GSM5100426,iNeuron,SRP307552,day7,NT,NA,sgPOLB,EdU incorporated DNA,,
SRR13764956,OTHER,75,3651995775,PRJNA704026,SAMN18028312,1422606517,neuron differentiated from iPSC,GEO,public,"fastq,run.zq,sra","gs,ncbi,s3","gs.us-east1,ncbi.public,s3.us-east-1",SRX10151369,GSM5100427,NextSeq 550,SINGLE,other,GENOMIC,Homo sapiens,ILLUMINA,2021-03-25T00:00:00Z,2021-02-22T16:34:00Z,1,GSM5100427,iNeuron,SRP307552,day7,NT,NA,sgPOLB,EdU incorporated DNA,,
SRR13764957,OTHER,75,3414198150,PRJNA704026,SAMN18028311,1318086573,neuron differentiated from iPSC,GEO,public,"fastq,run.zq,sra","gs,ncbi,s3","gs.us-east1,ncbi.public,s3.us-east-1",SRX10151370,GSM5100428,NextSeq 550,SINGLE,other,GENOMIC,Homo sapiens,ILLUMINA,2021-03-25T00:00:00Z,2021-02-22T16:22:00Z,1,GSM5100428,iNeuron,SRP307552,day7,24hrs APH +18hrs EdU,50 uM (for APH),sgPOLB,EdU incorporated DNA,,
SRR13764958,OTHER,75,3885258525,PRJNA704026,SAMN18028310,1499164107,neuron differentiated from iPSC,GEO,public,"fastq,run.zq,sra","gs,ncbi,s3","gs.us-east1,ncbi.public,s3.us-east-1",SRX10151371,GSM5100429,NextSeq 550,SINGLE,other,GENOMIC,Homo sapiens,ILLUMINA,2021-03-25T00:00:00Z,2021-02-22T16:28:00Z,1,GSM5100429,iNeuron,SRP307552,day7,24hrs APH +18hrs EdU,50 uM (for APH),sgPOLB,EdU incorporated DNA,,
SRR13764959,OTHER,75,2330368500,PRJNA704026,SAMN18028309,887632645,neuron differentiated from iPSC,GEO,public,"fastq,run.zq,sra","gs,ncbi,s3","gs.us-east1,ncbi.public,s3.us-east-1",SRX10151372,GSM5100430,NextSeq 550,SINGLE,other,GENOMIC,Homo sapiens,ILLUMINA,2021-03-25T00:00:00Z,2021-02-22T16:15:00Z,1,GSM5100430,iNeuron,SRP307552,day7,NT,NA,sgControl,EdU incorporated DNA,,
SRR13764960,OTHER,75,2615918400,PRJNA704026,SAMN18028308,993774138,neuron differentiated from iPSC,GEO,public,"fastq,run.zq,sra","gs,ncbi,s3","gs.us-east1,ncbi.public,s3.us-east-1",SRX10151373,GSM5100431,NextSeq 550,SINGLE,other,GENOMIC,Homo sapiens,ILLUMINA,2021-03-25T00:00:00Z,2021-02-22T16:22:00Z,1,GSM5100431,iNeuron,SRP307552,day7,NT,NA,sgControl,EdU incorporated DNA,,
SRR13764961,OTHER,75,3519252075,PRJNA704026,SAMN18028307,1359723985,neuron differentiated from iPSC,GEO,public,"fastq,run.zq,sra","gs,ncbi,s3","gs.us-east1,ncbi.public,s3.us-east-1",SRX10151374,GSM5100432,NextSeq 550,SINGLE,other,GENOMIC,Homo sapiens,ILLUMINA,2021-03-25T00:00:00Z,2021-02-22T16:24:00Z,1,GSM5100432,iNeuron,SRP307552,day7,24hrs APH +18hrs EdU,50 uM (for APH),sgControl,EdU incorporated DNA,,
SRR13764962,OTHER,75,3939928200,PRJNA704026,SAMN18028306,1530313548,neuron differentiated from iPSC,GEO,public,"fastq,run.zq,sra","gs,ncbi,s3","gs.us-east1,ncbi.public,s3.us-east-1",SRX10151375,GSM5100433,NextSeq 550,SINGLE,other,GENOMIC,Homo sapiens,ILLUMINA,2021-03-25T00:00:00Z,2021-02-22T16:25:00Z,1,GSM5100433,iNeuron,SRP307552,day7,24hrs APH +18hrs EdU,50 uM (for APH),sgControl,EdU incorporated DNA,,
SRR13764963,OTHER,75,3122211900,PRJNA704026,SAMN18028305,1137478158,neuron differentiated from iPSC,GEO,public,"fastq,run.zq,sra","gs,ncbi,s3","gs.us-east1,ncbi.public,s3.us-east-1",SRX10151376,GSM5100434,NextSeq 550,SINGLE,other,GENOMIC,Homo sapiens,ILLUMINA,2021-03-25T00:00:00Z,2021-02-22T16:33:00Z,1,GSM5100434,iNeuron,SRP307552,day17,Etoposide,50 uM,WT,EdU incorporated DNA,,
SRR13764964,OTHER,75,3704955675,PRJNA704026,SAMN18028304,1347779171,neuron differentiated from iPSC,GEO,public,"fastq,run.zq,sra","gs,ncbi,s3","gs.us-east1,ncbi.public,s3.us-east-1",SRX10151377,GSM5100435,NextSeq 550,SINGLE,other,GENOMIC,Homo sapiens,ILLUMINA,2021-03-25T00:00:00Z,2021-02-22T16:23:00Z,1,GSM5100435,iNeuron,SRP307552,day17,Etoposide,50 uM,WT,EdU incorporated DNA,,
SRR13764965,OTHER,75,3290351325,PRJNA704026,SAMN18028303,1201223807,neuron differentiated from iPSC,GEO,public,"fastq,run.zq,sra","gs,ncbi,s3","gs.us-east1,ncbi.public,s3.us-east-1",SRX10151378,GSM5100436,NextSeq 550,SINGLE,other,GENOMIC,Homo sapiens,ILLUMINA,2021-03-25T00:00:00Z,2021-02-22T16:22:00Z,1,GSM5100436,iNeuron,SRP307552,day17,NT,NA,WT,EdU incorporated DNA,,
SRR13764966,OTHER,75,3469209525,PRJNA704026,SAMN18028302,1266887785,neuron differentiated from iPSC,GEO,public,"fastq,run.zq,sra","gs,ncbi,s3","gs.us-east1,ncbi.public,s3.us-east-1",SRX10151379,GSM5100437,NextSeq 550,SINGLE,other,GENOMIC,Homo sapiens,ILLUMINA,2021-03-25T00:00:00Z,2021-02-22T16:28:00Z,1,GSM5100437,iNeuron,SRP307552,day17,NT,NA,WT,EdU incorporated DNA,,
SRR13764967,OTHER,75,2382876750,PRJNA704026,SAMN18028301,906545158,neuron differentiated from iPSC,GEO,public,"fastq,run.zq,sra","gs,ncbi,s3","gs.us-east1,ncbi.public,s3.us-east-1",SRX10151380,GSM5100438,NextSeq 550,SINGLE,other,GENOMIC,Homo sapiens,ILLUMINA,2021-03-25T00:00:00Z,2021-02-22T16:15:00Z,1,GSM5100438,iNeuron,SRP307552,day7,NT,NA,sgPNKP,EdU incorporated DNA,,
SRR13764968,OTHER,75,2574879000,PRJNA704026,SAMN18028300,977944972,neuron differentiated from iPSC,GEO,public,"fastq,run.zq,sra","gs,ncbi,s3","gs.us-east1,ncbi.public,s3.us-east-1",SRX10151381,GSM5100439,NextSeq 550,SINGLE,other,GENOMIC,Homo sapiens,ILLUMINA,2021-03-25T00:00:00Z,2021-02-22T16:21:00Z,1,GSM5100439,iNeuron,SRP307552,day7,NT,NA,sgPNKP,EdU incorporated DNA,,
SRR13764969,OTHER,75,2266576500,PRJNA704026,SAMN18028299,857466632,neuron differentiated from iPSC,GEO,public,"fastq,run.zq,sra","gs,ncbi,s3","gs.us-east1,ncbi.public,s3.us-east-1",SRX10151382,GSM5100440,NextSeq 550,SINGLE,other,GENOMIC,Homo sapiens,ILLUMINA,2021-03-25T00:00:00Z,2021-02-22T16:17:00Z,1,GSM5100440,iNeuron,SRP307552,day7,2hrs Camptothecin+18 hrs EdU,25 uM (for Camptothecin),sgPNKP,EdU incorporated DNA,,
SRR13764970,OTHER,75,2465223600,PRJNA704026,SAMN18028335,931844572,neuron differentiated from iPSC,GEO,public,"fastq,run.zq,sra","gs,ncbi,s3","gs.us-east1,ncbi.public,s3.us-east-1",SRX10151383,GSM5100441,NextSeq 550,SINGLE,other,GENOMIC,Homo sapiens,ILLUMINA,2021-03-25T00:00:00Z,2021-02-22T16:18:00Z,1,GSM5100441,iNeuron,SRP307552,day7,2hrs Camptothecin+18 hrs EdU,25 uM (for Camptothecin),sgPNKP,EdU incorporated DNA,,
SRR13764971,OTHER,75,2587534425,PRJNA704026,SAMN18028298,981708195,neuron differentiated from iPSC,GEO,public,"fastq,run.zq,sra","gs,ncbi,s3","gs.us-east1,ncbi.public,s3.us-east-1",SRX10151384,GSM5100442,NextSeq 550,SINGLE,other,GENOMIC,Homo sapiens,ILLUMINA,2021-03-25T00:00:00Z,2021-02-22T16:16:00Z,1,GSM5100442,iNeuron,SRP307552,day7,2hrs Camptothecin+18 hrs EdU,25 uM (for Camptothecin),sgControl,EdU incorporated DNA,,
SRR13764972,OTHER,75,2741300775,PRJNA704026,SAMN18028297,1040470101,neuron differentiated from iPSC,GEO,public,"fastq,run.zq,sra","gs,ncbi,s3","gs.us-east1,ncbi.public,s3.us-east-1",SRX10151385,GSM5100443,NextSeq 550,SINGLE,other,GENOMIC,Homo sapiens,ILLUMINA,2021-03-25T00:00:00Z,2021-02-22T16:24:00Z,1,GSM5100443,iNeuron,SRP307552,day7,2hrs Camptothecin+18 hrs EdU,25 uM (for Camptothecin),sgControl,EdU incorporated DNA,,
SRR13764973,OTHER,75,3346358250,PRJNA704026,SAMN18028296,1253962130,neuron differentiated from iPSC,GEO,public,"fastq,run.zq,sra","gs,ncbi,s3","gs.us-east1,ncbi.public,s3.us-east-1",SRX10151386,GSM5100444,NextSeq 550,SINGLE,other,GENOMIC,Homo sapiens,ILLUMINA,2021-03-25T00:00:00Z,2021-02-22T16:19:00Z,1,GSM5100444,iNeuron,SRP307552,day7,NT,NA,WT,EdU incorporated DNA,,
SRR13764974,OTHER,75,3037089075,PRJNA704026,SAMN18028295,1138140387,neuron differentiated from iPSC,GEO,public,"fastq,run.zq,sra","gs,ncbi,s3","gs.us-east1,ncbi.public,s3.us-east-1",SRX10151387,GSM5100445,NextSeq 550,SINGLE,other,GENOMIC,Homo sapiens,ILLUMINA,2021-03-25T00:00:00Z,2021-02-22T16:20:00Z,1,GSM5100445,iNeuron,SRP307552,day7,NT,NA,WT,EdU incorporated DNA,,
SRR13764975,OTHER,75,2919796875,PRJNA704026,SAMN18028337,1095503782,neuron differentiated from iPSC,GEO,public,"fastq,run.zq,sra","gs,ncbi,s3","gs.us-east1,ncbi.public,s3.us-east-1",SRX10151388,GSM5100446,NextSeq 550,SINGLE,other,GENOMIC,Homo sapiens,ILLUMINA,2021-03-25T00:00:00Z,2021-02-22T16:19:00Z,1,GSM5100446,iNeuron,SRP307552,day7,NT,NA,WT,EdU incorporated DNA,,
SRR13764976,OTHER,75,3754672275,PRJNA704026,SAMN18028336,1382108750,muscle cell differentiated from iPSC,GEO,public,"fastq,run.zq,sra","gs,ncbi,s3","gs.us-east1,ncbi.public,s3.us-east-1",SRX10151389,GSM5100447,NextSeq 550,SINGLE,other,GENOMIC,Homo sapiens,ILLUMINA,2021-03-25T00:00:00Z,2021-02-22T16:27:00Z,1,GSM5100447,iMuscle,SRP307552,day9,NT,NA,WT,EdU incorporated DNA,,
SRR13764977,OTHER,75,4615469175,PRJNA704026,SAMN18028334,1693392582,muscle cell differentiated from iPSC,GEO,public,"fastq,run.zq,sra","gs,ncbi,s3","gs.us-east1,ncbi.public,s3.us-east-1",SRX10151390,GSM5100448,NextSeq 550,SINGLE,other,GENOMIC,Homo sapiens,ILLUMINA,2021-03-25T00:00:00Z,2021-02-22T16:40:00Z,1,GSM5100448,iMuscle,SRP307552,day9,NT,NA,WT,EdU incorporated DNA,,
SRR13764978,OTHER,75,3366455550,PRJNA704026,SAMN18028333,1253793567,neuron differentiated from iPSC,GEO,public,"fastq,run.zq,sra","gs,ncbi,s3","gs.us-east1,ncbi.public,s3.us-east-1",SRX10151391,GSM5100449,NextSeq 550,SINGLE,other,GENOMIC,Homo sapiens,ILLUMINA,2021-03-25T00:00:00Z,2021-02-22T16:22:00Z,1,GSM5100449,iNeuron,SRP307552,day7,NT,NA,WT,EdU incorporated DNA,,
SRR13764979,OTHER,75,3818876700,PRJNA704026,SAMN18028332,1415884822,neuron differentiated from iPSC,GEO,public,"fastq,run.zq,sra","gs,ncbi,s3","gs.us-east1,ncbi.public,s3.us-east-1",SRX10151392,GSM5100450,NextSeq 550,SINGLE,other,GENOMIC,Homo sapiens,ILLUMINA,2021-03-25T00:00:00Z,2021-02-22T16:24:00Z,1,GSM5100450,iNeuron,SRP307552,day7,NT,NA,WT,EdU incorporated DNA,,
SRR13764980,OTHER,75,3800055000,PRJNA704026,SAMN18028331,1421320537,neuron differentiated from iPSC,GEO,public,"fastq,run.zq,sra","gs,ncbi,s3","gs.us-east1,ncbi.public,s3.us-east-1",SRX10151393,GSM5100451,NextSeq 550,SINGLE,other,GENOMIC,Homo sapiens,ILLUMINA,2021-03-25T00:00:00Z,2021-02-22T16:31:00Z,1,GSM5100451,iNeuron,SRP307552,day7,NT,NA,WT,EdU incorporated DNA,,
SRR13764981,OTHER,75,4071258300,PRJNA704026,SAMN18028330,1520870107,neuron differentiated from iPSC,GEO,public,"fastq,run.zq,sra","gs,ncbi,s3","gs.us-east1,ncbi.public,s3.us-east-1",SRX10151394,GSM5100452,NextSeq 550,SINGLE,other,GENOMIC,Homo sapiens,ILLUMINA,2021-03-25T00:00:00Z,2021-02-22T16:30:00Z,1,GSM5100452,iNeuron,SRP307552,day7,NT,NA,WT,EdU incorporated DNA,,
SRR13764982,OTHER,75,3470681700,PRJNA704026,SAMN18028329,1297771368,neuron differentiated from iPSC,GEO,public,"fastq,run.zq,sra","gs,ncbi,s3","gs.us-east1,ncbi.public,s3.us-east-1",SRX10151395,GSM5100453,NextSeq 550,SINGLE,other,GENOMIC,Homo sapiens,ILLUMINA,2021-03-25T00:00:00Z,2021-02-22T16:29:00Z,1,GSM5100453,iNeuron,SRP307552,day7,NT,NA,WT,EdU incorporated DNA,,
SRR13764983,OTHER,75,4045519500,PRJNA704026,SAMN18028328,1508110702,neuron differentiated from iPSC,GEO,public,"fastq,run.zq,sra","gs,ncbi,s3","gs.us-east1,ncbi.public,s3.us-east-1",SRX10151396,GSM5100454,NextSeq 550,SINGLE,other,GENOMIC,Homo sapiens,ILLUMINA,2021-03-25T00:00:00Z,2021-02-22T16:33:00Z,1,GSM5100454,iNeuron,SRP307552,day7,NT,NA,WT,EdU incorporated DNA,,
SRR13764984,OTHER,75,3741070575,PRJNA704026,SAMN18028327,1409248028,neuron differentiated from iPSC,GEO,public,"fastq,run.zq,sra","gs,ncbi,s3","gs.us-east1,ncbi.public,s3.us-east-1",SRX10151397,GSM5100455,NextSeq 550,SINGLE,other,GENOMIC,Homo sapiens,ILLUMINA,2021-03-25T00:00:00Z,2021-02-22T16:30:00Z,1,GSM5100455,iNeuron,SRP307552,day7,NT,NA,WT,EdU incorporated DNA,,
SRR13764985,OTHER,75,3817776450,PRJNA704026,SAMN18028326,1434820730,neuron differentiated from iPSC,GEO,public,"fastq,run.zq,sra","gs,ncbi,s3","gs.us-east1,ncbi.public,s3.us-east-1",SRX10151398,GSM5100456,NextSeq 550,SINGLE,other,GENOMIC,Homo sapiens,ILLUMINA,2021-03-25T00:00:00Z,2021-02-22T16:29:00Z,1,GSM5100456,iNeuron,SRP307552,day7,NT,NA,WT,EdU incorporated DNA,,
SRR13764986,OTHER,75,3302048325,PRJNA704026,SAMN18028325,1243352871,neuron differentiated from iPSC,GEO,public,"fastq,run.zq,sra","gs,ncbi,s3","gs.us-east1,ncbi.public,s3.us-east-1",SRX10151399,GSM5100457,NextSeq 550,SINGLE,other,GENOMIC,Homo sapiens,ILLUMINA,2021-03-25T00:00:00Z,2021-02-22T16:29:00Z,1,GSM5100457,iNeuron,SRP307552,day7,NT,NA,WT,EdU incorporated DNA,,
SRR13764987,OTHER,75,4208282775,PRJNA704026,SAMN18028324,1579683066,neuron differentiated from iPSC,GEO,public,"fastq,run.zq,sra","gs,ncbi,s3","gs.us-east1,ncbi.public,s3.us-east-1",SRX10151400,GSM5100458,NextSeq 550,SINGLE,other,GENOMIC,Homo sapiens,ILLUMINA,2021-03-25T00:00:00Z,2021-02-22T16:35:00Z,1,GSM5100458,iNeuron,SRP307552,day7,NT,NA,WT,EdU incorporated DNA,,
SRR13764988,OTHER,75,2559786975,PRJNA704026,SAMN18028323,981868766,neuron differentiated from iPSC,GEO,public,"fastq,run.zq,sra","gs,ncbi,s3","gs.us-east1,ncbi.public,s3.us-east-1",SRX10151401,GSM5100459,NextSeq 550,SINGLE,other,GENOMIC,Homo sapiens,ILLUMINA,2021-03-25T00:00:00Z,2021-02-22T16:24:00Z,1,GSM5100459,iNeuron,SRP307552,day7,15 min. MMS,0.1mg/ml,WT,EdU incorporated DNA,,
SRR13764989,OTHER,75,2891984100,PRJNA704026,SAMN18028322,1105486743,neuron differentiated from iPSC,GEO,public,"fastq,run.zq,sra","gs,ncbi,s3","gs.us-east1,ncbi.public,s3.us-east-1",SRX10151402,GSM5100460,NextSeq 550,SINGLE,other,GENOMIC,Homo sapiens,ILLUMINA,2021-03-25T00:00:00Z,2021-02-22T16:30:00Z,1,GSM5100460,iNeuron,SRP307552,day7,15 min. MMS,0.1mg/ml,WT,EdU incorporated DNA,,
SRR13764990,OTHER,75,2594594175,PRJNA704026,SAMN18028321,1016568488,neuron differentiated from iPSC,GEO,public,"fastq,run.zq,sra","gs,ncbi,s3","gs.us-east1,ncbi.public,s3.us-east-1",SRX10151403,GSM5100461,NextSeq 550,SINGLE,other,GENOMIC,Homo sapiens,ILLUMINA,2021-03-25T00:00:00Z,2021-02-22T16:25:00Z,1,GSM5100461,iNeuron,SRP307552,day7,NT,NA,WT,EdU incorporated DNA,,
SRR13764991,OTHER,75,2753381100,PRJNA704026,SAMN18028320,1074957000,neuron differentiated from iPSC,GEO,public,"fastq,run.zq,sra","gs,ncbi,s3","gs.us-east1,ncbi.public,s3.us-east-1",SRX10151404,GSM5100462,NextSeq 550,SINGLE,other,GENOMIC,Homo sapiens,ILLUMINA,2021-03-25T00:00:00Z,2021-02-22T16:34:00Z,1,GSM5100462,iNeuron,SRP307552,day7,NT,NA,WT,EdU incorporated DNA,,
SRR13764992,OTHER,75,2727952050,PRJNA704026,SAMN18028319,969760407,Abelson-transformed pre-B cell,GEO,public,"fastq,run.zq,sra","gs,ncbi,s3","gs.us-east1,ncbi.public,s3.us-east-1",SRX10151405,GSM5100463,NextSeq 550,SINGLE,other,GENOMIC,Mus musculus,ILLUMINA,2021-03-25T00:00:00Z,2021-02-22T16:29:00Z,1,GSM5100463,Abelson-transformed pre-B cell,SRP307552,NA,DOX,3 ug/mL,WT,EdU incorporated DNA,,
SRR13764993,OTHER,75,2512496100,PRJNA704026,SAMN18028272,894516035,Abelson-transformed pre-B cell,GEO,public,"fastq,run.zq,sra","gs,ncbi,s3","gs.us-east1,ncbi.public,s3.us-east-1",SRX10151406,GSM5100464,NextSeq 550,SINGLE,other,GENOMIC,Mus musculus,ILLUMINA,2021-03-25T00:00:00Z,2021-02-22T16:29:00Z,1,GSM5100464,Abelson-transformed pre-B cell,SRP307552,NA,NT,NA,WT,EdU incorporated DNA,,
SRR13764994,OTHER,75,3922473600,PRJNA704026,SAMN18028271,1434773204,rat cortical neurons,GEO,public,"fastq,run.zq,sra","gs,ncbi,s3","gs.us-east1,ncbi.public,s3.us-east-1",SRX10151407,GSM5100465,NextSeq 550,SINGLE,other,GENOMIC,Rattus norvegicus,ILLUMINA,2021-03-25T00:00:00Z,2021-02-22T16:37:00Z,1,GSM5100465,Primary rat cortical neurons at embryonic day 18,SRP307552,day7 (post plating),Aphidicolin (APH) added two hours after plating,5 uM,WT,EdU incorporated DNA,,
SRR13764995,OTHER,75,3570873675,PRJNA704026,SAMN18028269,1292302994,rat cortical neurons,GEO,public,"fastq,run.zq,sra","gs,ncbi,s3","gs.us-east1,ncbi.public,s3.us-east-1",SRX10151408,GSM5100466,NextSeq 550,SINGLE,other,GENOMIC,Rattus norvegicus,ILLUMINA,2021-03-25T00:00:00Z,2021-02-22T16:35:00Z,1,GSM5100466,Primary rat cortical neurons at embryonic day 18,SRP307552,day7 (post plating),NT,NA,WT,EdU incorporated DNA,,
SRR13764996,OTHER,75,2956209675,PRJNA704028,SAMN18028343,1104900928,neuron differentiated from iPSC,GEO,public,"fastq,run.zq,sra","gs,ncbi,s3","gs.us-east1,ncbi.public,s3.us-east-1",SRX10151409,GSM5100467,NextSeq 550,SINGLE,other,GENOMIC,Homo sapiens,ILLUMINA,2021-03-25T00:00:00Z,2021-02-22T16:34:00Z,1,GSM5100467,iNeuron,SRP307553,day7,,,,,,
SRR13764997,OTHER,75,2537595675,PRJNA704028,SAMN18028342,953114523,neuron differentiated from iPSC,GEO,public,"fastq,run.zq,sra","gs,ncbi,s3","gs.us-east1,ncbi.public,s3.us-east-1",SRX10151410,GSM5100468,NextSeq 550,SINGLE,other,GENOMIC,Homo sapiens,ILLUMINA,2021-03-25T00:00:00Z,2021-02-22T16:31:00Z,1,GSM5100468,iNeuron,SRP307553,day7,,,,,,
SRR13764998,OTHER,75,3119945250,PRJNA704028,SAMN18028341,1151332956,neuron differentiated from iPSC,GEO,public,"fastq,run.zq,sra","gs,ncbi,s3","gs.us-east1,ncbi.public,s3.us-east-1",SRX10151411,GSM5100469,NextSeq 550,SINGLE,other,GENOMIC,Homo sapiens,ILLUMINA,2021-03-25T00:00:00Z,2021-02-22T16:35:00Z,1,GSM5100469,iNeuron,SRP307553,day7,,,,,,
SRR13764999,OTHER,75,2850651900,PRJNA704028,SAMN18028340,1098913601,neuron differentiated from iPSC,GEO,public,"fastq,run.zq,sra","gs,ncbi,s3","gs.us-east1,ncbi.public,s3.us-east-1",SRX10151412,GSM5100470,NextSeq 550,SINGLE,other,GENOMIC,Homo sapiens,ILLUMINA,2021-03-25T00:00:00Z,2021-02-22T16:36:00Z,1,GSM5100470,iNeuron,SRP307553,day7,,,,,,
SRR13765000,OTHER,75,3094580925,PRJNA704028,SAMN18028339,1195596462,neuron differentiated from iPSC,GEO,public,"fastq,run.zq,sra","gs,ncbi,s3","gs.us-east1,ncbi.public,s3.us-east-1",SRX10151413,GSM5100471,NextSeq 550,SINGLE,other,GENOMIC,Homo sapiens,ILLUMINA,2021-03-25T00:00:00Z,2021-02-22T16:36:00Z,1,GSM5100471,iNeuron,SRP307553,day7,,,,,,
SRR13765001,OTHER,75,3372126225,PRJNA704028,SAMN18028338,1268784241,neuron differentiated from iPSC,GEO,public,"fastq,run.zq,sra","gs,ncbi,s3","gs.us-east1,ncbi.public,s3.us-east-1",SRX10151414,GSM5100472,NextSeq 550,SINGLE,other,GENOMIC,Homo sapiens,ILLUMINA,2021-03-25T00:00:00Z,2021-02-22T16:37:00Z,1,GSM5100472,iNeuron,SRP307553,day7,,,,,,
